AL1,587035.796364
AL10,356429.896296
AL2,491614.76
AL3,564789.604278
AL4,571469.69697
AL5,850726.401961
AL6,667624.852941
AL7,360458.391304
AL8,426044.602273
AL9,653268.571429
B1,236354.398374
B10,114697.777778
B11,198437.361702
B12,173195.754386
B13,257535.427027
B14,194849.436508
B15,364341.747826
B16,186419.266667
B17,337854.99375
B18,203409.641304
B19,457086.486486
B2,666686.181818
B20,210298.153153
B21,121969.879518
B23,141617.555085
B24,366137.691824
B25,141558.823529
B26,161912.175676
B27,172945.083333
B28,218692.017341
B29,240511.235
B3,1237362.22581
B30,213433.533654
B31,171052.891641
B32,181744.896396
B33,146715.666667
B34,142161.327434
B35,125570.454545
B36,174220.097143
B37,352358.039216
B38,196181.295082
B4,19870187.6667
B42,199271.145833
B43,177583.652174
B44,130931.064516
B45,239019.813253
B46,218672.282609
B47,291389.655172
B48,305737.657895
B49,387586.012658
B5,206346.607595
B50,390050.681818
B6,126851.176471
B60,292228.59116
B61,251812.705556
B62,216153.327869
B63,167930.964646
B64,143940.588235
B65,168400.852941
B66,198859.464286
B67,146064.46875
B68,149939.182927
B69,175841.366667
B7,282400.0
B70,186157.731481
B71,128432.044776
B72,343320.660377
B73,290050.32716
B74,487149.951327
B75,281633.385093
B76,243750.717391
B77,191323.650568
B78,208663.362069
B79,230614.119718
B8,121407.219355
B80,265210.795455
B9,145258.62963
B90,278278.909091
B91,423196.004219
B92,267441.745583
B93,574120.340741
B94,554788.773585
B95,533613.16
B96,395846.590909
B97,232471.586614
B98,289817.792115
BA1,531169.006873
BA10,381750.0
BA11,295595.889831
BA12,394511.377143
BA13,221112.377358
BA14,241032.473404
BA15,357123.5
BA16,230365.2
BA2,442666.177489
BA20,207387.096774
BA21,194503.076305
BA22,283389.547368
BA3,259425.600962
BA4,274576.178571
BA5,392837.306358
BA6,299038.927273
BA7,380042.857143
BA8,219630.0
BA9,273724.538462
BB1,243736.962963
BB10,324276.768966
BB11,123134.488764
BB12,215197.600707
BB18,130953.04065
BB2,245998.033003
BB3,113231.447368
BB4,264841.786145
BB5,136582.913636
BB6,159796.262136
BB7,242220.846154
BB8,121158.206452
BB9,101879.369637
BD1,194212.439024
BD10,165052.861272
BD11,184565.163043
BD12,131609.897196
BD13,143447.85641
BD14,138194.509804
BD15,146780.537634
BD16,223445.889362
BD17,200526.585034
BD18,162409.552326
BD19,171190.789157
BD2,112422.650273
BD20,200242.080495
BD21,106799.748299
BD22,160310.340611
BD23,265833.115385
BD24,240938.0
BD3,86007.2048193
BD4,94239.2215569
BD5,100931.376238
BD6,113884.871921
BD7,99069.3653846
BD8,104524.065217
BD9,124288.75
BD99,8300000.0
BH1,297942.537313
BH10,268577.201493
BH11,252453.626263
BH12,275237.067729
BH13,618584.916168
BH14,420074.008696
BH15,311783.97151
BH16,292449.5
BH17,273945.485714
BH18,405769.105263
BH19,310553.648649
BH2,239636.534591
BH20,365069.84127
BH21,455431.591912
BH22,341540.204724
BH23,462179.188312
BH24,460446.089385
BH25,344579.047847
BH3,410026.923077
BH31,339364.049587
BH4,279233.186441
BH5,242596.537931
BH6,336081.412017
BH7,318254.186047
BH8,282165.85514
BH9,278926.610329
BL0,186035.742188
BL1,194713.891393
BL2,191939.805785
BL3,116566.983553
BL4,119244.147368
BL5,185084.362245
BL6,188090.14346
BL7,232762.627119
BL8,183454.872428
BL9,159138.97482
BN1,487690.137288
BN10,286273.205128
BN11,262519.609551
BN12,350974.166667
BN13,307806.471111
BN14,325583.817427
BN15,284413.284211
BN16,359840.062992
BN17,240642.809917
BN18,390380.27381
BN2,369774.510744
BN20,336597.279412
BN21,240496.445652
BN22,245343.174468
BN23,323470.820833
BN24,291325.070423
BN25,315866.994444
BN26,282191.614583
BN27,279489.384977
BN3,446274.176183
BN41,327160.698413
BN42,334256.521739
BN43,368028.52459
BN44,515907.653061
BN45,621000.0
BN5,490547.878049
BN6,573211.317829
BN7,546902.862385
BN8,451896.25
BN9,253820.515464
BR1,556243.188202
BR2,515534.50173
BR3,591678.668831
BR4,536870.775281
BR5,380530.361538
BR6,502893.47079
BR7,635531.068376
BR8,358234.448
BS1,672335.147368
BS10,277665.03268
BS11,262609.9
BS13,239916.14966
BS14,242321.19898
BS15,231215.979592
BS16,293087.79529
BS2,359644.758389
BS20,336133.956938
BS21,333602.111111
BS22,208425.283019
BS23,230208.498382
BS24,223186.360825
BS25,368871.875
BS26,317239.130435
BS27,286819.5
BS28,515523.809524
BS29,276353.571429
BS3,306792.803333
BS30,276762.050562
BS31,337241.178161
BS32,421239.725275
BS34,508206.0
BS35,316435.306452
BS36,326941.506329
BS37,262026.238255
BS39,343411.891892
BS4,377599.358333
BS40,451507.796875
BS41,496542.857143
BS48,346162.824427
BS49,286319.166667
BS5,217582.381517
BS6,453647.40099
BS7,333188.496032
BS8,657022.604061
BS9,458732.690821
CA1,127252.563636
CA10,234474.835052
CA11,229094.92268
CA12,339843.324675
CA13,207500.521739
CA14,140672.168103
CA15,138270.932692
CA16,231411.71875
CA17,225733.333333
CA18,158506.0
CA19,173250.0
CA2,138594.65704
CA20,194310.555556
CA21,252000.0
CA22,165551.0
CA23,79000.0
CA24,49123.75
CA25,98604.1666667
CA26,115005.791667
CA27,181625.0
CA28,137481.881443
CA3,172874.716418
CA4,241303.586207
CA5,258768.478261
CA6,189820.689655
CA7,169329.878788
CA8,195620.338983
CA9,139927.5
CB1,513513.942598
CB10,1561865.07229
CB11,424993.655172
CB2,632232.158621
CB21,445047.209302
CB22,539801.540107
CB23,534362.879464
CB24,359755.087179
CB25,336391.542553
CB3,713904.790698
CB4,456717.854701
CB5,344466.302083
CB6,305675.249027
CB7,290298.321782
CB8,389583.637555
CB9,292123.241525
CF1,560000.0
CF10,367424.626437
CF11,207120.176923
CF14,311600.042553
CF15,275281.807692
CF23,259855.108696
CF24,237383.342767
CF3,225347.303644
CF31,168998.264615
CF32,158839.194313
CF33,123605.2
CF34,106891.420455
CF35,185544.987421
CF36,224694.90625
CF37,249095.685259
CF38,177953.272727
CF39,110425.879518
CF4,825000.0
CF40,75538.5859375
CF41,67552.0714286
CF42,67271.4210526
CF43,53722.4186047
CF44,96177.9702128
CF45,95951.8131868
CF46,143477.731959
CF47,111549.83871
CF48,123758.013423
CF5,220409.146907
CF61,220582.137255
CF62,188248.837638
CF63,148306.267974
CF64,288426.745763
CF71,360165.428571
CF72,193675.051282
CF81,93558.6363636
CF82,154476.825397
CF83,182917.904615
CH1,433777.263415
CH2,238742.063745
CH3,283017.744094
CH4,226828.833333
CH41,94798.1714286
CH42,110924.995098
CH43,164502.887931
CH44,147869.146465
CH45,168191.971888
CH46,151031.290076
CH47,256007.768421
CH48,437707.496063
CH49,184251.479769
CH5,159063.245487
CH6,155764.5
CH60,358059.805825
CH61,262061.574257
CH62,147229.760766
CH63,206657.122093
CH64,257235.100775
CH65,152784.796296
CH66,193756.282609
CH7,185304.484211
CH8,172846.396396
CM0,294162.243056
CM1,341686.819222
CM11,496313.029197
CM12,406123.431373
CM13,600921.337278
CM14,455273.668478
CM15,502645.36
CM16,619820.323529
CM17,372326.748538
CM18,253799.593985
CM19,352358.838095
CM2,349705.26
CM20,531118.828571
CM21,407748.222222
CM22,1029165.94783
CM23,418547.26506
CM24,417163.4
CM3,399591.290667
CM4,672063.961538
CM5,549719.605263
CM6,436684.76494
CM7,323779.714724
CM77,409398.846154
CM8,509534.411765
CM9,336029.606987
CO1,383633.417722
CO10,315683.894057
CO11,335065.991736
CO12,220895.282828
CO13,312053.286713
CO14,211118.229167
CO15,229656.061834
CO16,255506.666667
CO2,336464.66881
CO3,325371.332075
CO4,288576.240997
CO5,361020.825581
CO6,425134.095745
CO7,349279.905579
CO8,546692.307692
CO9,330330.480226
CR0,462939.021174
CR2,468317.516026
CR3,426988.779116
CR4,365573.110638
CR5,473696.903061
CR6,659827.142857
CR7,320532.259091
CR8,516632.570707
CR9,6203430.0
CT1,280823.364641
CT10,299816.244019
CT11,221413.914634
CT12,225799.806202
CT13,319492.174603
CT14,269914.315152
CT15,319713.414634
CT16,213436.685185
CT17,192746.202247
CT18,313316.474138
CT19,228544.614679
CT2,316821.833333
CT20,267002.52459
CT21,296959.617284
CT3,289007.773723
CT4,428867.830189
CT5,368817.899563
CT6,278576.772894
CT7,236650.306122
CT8,245901.768293
CT9,206577.592841
CV1,222240.115385
CV10,159779.614754
CV11,211837.870662
CV12,169010.854749
CV13,314773.242424
CV2,152856.430636
CV21,192154.649832
CV22,242442.191489
CV23,293673.06338
CV3,222320.374396
CV31,276953.669492
CV32,422082.576271
CV33,327443.442623
CV34,301949.668085
CV35,397775.516667
CV36,719704.056338
CV37,385904.941358
CV4,229803.631579
CV47,322537.808642
CV5,212107.046875
CV6,166555.900697
CV7,299275.119792
CV8,535688.921182
CV9,248003.653846
CW1,158108.735786
CW10,292653.793388
CW11,241608.930894
CW12,204115.543379
CW2,185694.773414
CW3,275447.095238
CW4,303834.090909
CW5,252557.798165
CW6,391787.051282
CW7,166143.797235
CW8,248041.779944
CW9,220058.412409
DA1,306015.39501
DA10,325784.42623
DA11,359230.582524
DA12,296420.56383
DA13,454617.681159
DA14,417096.060606
DA15,396626.085714
DA16,368199.757009
DA17,346957.969512
DA18,224222.222222
DA2,317923.107383
DA3,422940.755319
DA4,361864.931034
DA5,454517.241379
DA6,385736.15493
DA7,369006.852041
DA8,289874.365854
DA9,278331.888112
DE1,261361.214953
DE11,163776.939891
DE12,230434.098266
DE13,258170.952055
DE14,390053.701422
DE15,205581.179012
DE21,262309.361823
DE22,195205.756677
DE23,166121.33887
DE24,136020.806962
DE3,205527.108108
DE4,239049.933628
DE45,316456.521739
DE5,157062.231884
DE55,165001.585761
DE56,235734.545763
DE6,300305.720238
DE65,305905.849398
DE7,169291.010283
DE72,234185.816176
DE73,241320.3125
DE74,230324.931034
DE75,153153.412587
DH1,238351.39604
DH2,133794.084577
DH3,157772.391304
DH4,129908.646154
DH5,125922.137255
DH6,103794.282353
DH7,131179.359477
DH8,121020.31295
DH9,158663.622807
DL1,148483.435088
DL10,220127.83871
DL11,291166.189189
DL12,176586.119565
DL13,161717.5
DL14,105870.018868
DL15,102342.787671
DL16,132474.153846
DL17,67222.9041096
DL2,219124.140625
DL3,170896.496503
DL4,71344.9315068
DL5,124584.363636
DL6,221453.693182
DL7,235118.127451
DL8,267183.8875
DL9,134726.448276
DN1,109696.969697
DN10,239374.72619
DN11,151454.560748
DN12,98696.2272727
DN14,173829.414248
DN15,143902.730769
DN16,118278.516908
DN17,240497.878261
DN18,130735.858586
DN19,182869.541667
DN2,130367.303279
DN20,161591.987179
DN21,137337.275986
DN22,197198.6
DN3,170469.034091
DN31,111515.753425
DN32,94967.8480392
DN33,142718.357143
DN34,110787.447761
DN35,133453.935849
DN36,201517.41958
DN37,186321.909091
DN38,203225.0
DN39,193309.375
DN4,147398.887588
DN40,112275.245614
DN41,269108.711111
DN5,126366.460317
DN6,136705.983516
DN7,151796.742857
DN8,136813.621622
DN9,195014.134328
DT1,294119.972093
DT10,334460.625
DT11,272103.831522
DT2,340883.09434
DT3,300197.744395
DT4,228652.935103
DT5,178995.87156
DT6,311174.16129
DT7,365764.070175
DT8,422569.230769
DT9,409182.576687
DY1,137079.820144
DY10,204869.147679
DY11,194593.956938
DY12,248170.3125
DY13,211079.006757
DY14,373159.947368
DY2,134723.150685
DY3,215247.463542
DY4,127317.577093
DY5,143121.547368
DY6,232991.966851
DY7,291370.754717
DY8,223890.795666
DY9,272055.371728
E1,693258.181818
E10,556919.064655
E11,510503.94697
E12,416005.319149
E13,377118.655844
E14,571907.432681
E15,515663.246269
E16,442719.951583
E17,543865.822519
E18,619580.507812
E1W,883742.537037
E2,747320.374269
E20,378117.526316
E3,495073.254545
E4,431013.783951
E5,632656.214765
E6,351349.661616
E7,409600.472868
E8,580879.64
E9,1100699.65041
EC1A,632000.0
EC1M,1911812.5
EC1N,4552081.4
EC1R,2332916.66667
EC1V,1126265.09375
EC1Y,1475500.0
EC2A,1683225.5
EC2M,8430718.4
EC2N,27342500.0
EC2V,1470412.5
EC2Y,1782784.2
EC3M,3833125.0
EC3N,11595279.3333
EC3V,6992250.0
EC4A,3547977.33333
EC4M,250000.0
EC4N,6337385.0
EC4R,11784302.5
EC4V,2234071.42857
EC4Y,912055.4
EN1,422658.026201
EN10,434270.212766
EN11,350748.674242
EN2,489771.017143
EN3,340032.507937
EN4,558683.552632
EN5,697206.852632
EN6,545691.612717
EN7,457901.775701
EN8,341684.201521
EN9,386688.874126
EX1,306929.55618
EX10,343995.062893
EX11,380471.550725
EX12,256193.303571
EX13,305526.935185
EX14,257868.487654
EX15,230168.730994
EX16,246005.458333
EX17,273691.068702
EX18,280227.083333
EX19,285409.090909
EX2,274696.898734
EX20,249262.327273
EX21,325424.074074
EX22,260253.352273
EX23,257353.776224
EX24,381817.916667
EX3,396598.958333
EX31,264427.258216
EX32,395750.71519
EX33,307036.456311
EX34,237899.435065
EX35,416287.5
EX36,238203.196721
EX37,326200.689655
EX38,197230.819277
EX39,235599.469072
EX4,287472.006452
EX5,401184.373684
EX6,349988.622642
EX7,234215.699301
EX8,274761.622699
EX9,400156.25
FY1,186949.482993
FY2,121083.459459
FY3,122708.678947
FY4,122962.289286
FY5,142562.857143
FY6,210608.77533
FY7,115078.394161
FY8,239708.552632
GL1,168278.872549
GL10,236853.931373
GL11,256118.016807
GL12,372237.790698
GL13,221460.9375
GL14,200218.484211
GL15,220060.416667
GL16,216741.99115
GL17,244276.736111
GL18,259103.935484
GL19,378481.456522
GL2,240020.949115
GL20,266250.814815
GL3,227030.768293
GL4,255823.17284
GL5,262304.417778
GL50,397595.526316
GL51,277384.197222
GL52,320554.542289
GL53,424595.445783
GL54,552452.75
GL55,707819.733333
GL56,414362.27551
GL6,360143.372414
GL7,520322.700965
GL8,362893.75
GL9,318687.5
GU1,623363.215548
GU10,682260.703704
GU11,278606.433526
GU12,314872.89272
GU13,28000.0
GU14,348302.607748
GU15,422620.324444
GU16,379181.005587
GU17,344141.964286
GU18,528657.142857
GU19,417617.142857
GU2,428008.0
GU20,807066.666667
GU21,539328.143322
GU22,609685.725
GU23,584424.114286
GU24,606397.317308
GU25,1996448.71795
GU26,626993.921569
GU27,582771.0625
GU28,639528.846154
GU29,425347.588889
GU3,713722.0
GU30,469278.030303
GU31,579528.985507
GU32,536141.086957
GU33,561582.390244
GU34,426998.18408
GU35,386769.758065
GU4,618223.389831
GU46,383571.348315
GU47,370142.610294
GU5,884541.75
GU51,463631.351351
GU52,407727.287879
GU6,519990.3
GU7,465345.391566
GU8,818151.0
GU9,468050.632075
HA0,389253.483607
HA1,841605.532609
HA2,487604.310345
HA3,464104.744444
HA4,511303.653199
HA5,601592.640909
HA6,775010.086207
HA7,669983.032895
HA8,504596.583333
HA9,1336387.43396
HD1,247182.479675
HD2,196504.482759
HD3,153857.88785
HD4,147757.756757
HD5,127485.167598
HD6,169690.91716
HD7,159186.653409
HD8,219012.232673
HD9,222381.371648
HG1,334510.407767
HG2,367100.625532
HG3,430130.111111
HG4,316249.050279
HG5,348612.605505
HP1,395202.187097
HP10,576166.169355
HP11,386650.75188
HP12,297631.385827
HP13,341494.75
HP14,589771.759259
HP15,516166.847619
HP16,828455.0
HP17,542183.333333
HP18,425397.826772
HP19,273143.019324
HP2,323632.203791
HP20,318900.446429
HP21,292101.666667
HP22,535179.4
HP23,501775.816327
HP27,542650.48913
HP3,456656.293103
HP4,669653.657005
HP5,452049.52381
HP6,627160.149533
HP7,605333.464789
HP8,1000436.76471
HP9,1007908.66972
HR1,295849.56338
HR2,220417.235556
HR3,323090.0
HR4,246492.570093
HR5,217275.0
HR6,230377.456647
HR7,268427.083333
HR8,282056.521739
HR9,308763.432836
HU1,593929.275862
HU10,216125.513699
HU11,173142.794118
HU12,189354.141104
HU13,184648.373737
HU14,314567.910448
HU15,232958.524664
HU16,209768.25
HU17,250443.553846
HU18,154750.35443
HU19,118625.716981
HU2,145604.782609
HU20,312750.0
HU3,112149.891892
HU4,128128.676471
HU5,148651.498442
HU6,915604.506494
HU7,151689.658863
HU8,386484.515625
HU9,623890.151515
HX1,140243.740157
HX2,238281.483051
HX3,175175.993884
HX4,198146.341463
HX5,163981.0
HX6,189154.326087
HX7,189946.448598
IG1,599656.723301
IG10,544539.442211
IG11,304284.394191
IG2,477257.082645
IG3,399501.630252
IG4,440423.153846
IG5,468913.887097
IG6,408373.218543
IG7,608738.704348
IG8,545525.915344
IG9,555516.216216
IP1,217562.62116
IP10,359058.6
IP11,288227.051181
IP12,327292.190751
IP13,346041.473684
IP14,301323.989831
IP15,438551.724138
IP16,230293.777778
IP17,493012.468468
IP18,406489.814815
IP19,302606.357143
IP2,330617.180851
IP20,226038.903226
IP21,314066.41791
IP22,281231.069364
IP23,321055.555556
IP24,470484.597484
IP25,222346.04375
IP26,243703.589286
IP27,177882.329545
IP28,270015.574257
IP29,383511.787234
IP3,223980.872727
IP30,376451.032609
IP31,345925.925926
IP32,262518.17757
IP33,465836.510791
IP4,230440.66791
IP5,285767.841727
IP6,263670.509259
IP7,364683.153061
IP8,255141.153846
IP9,293953.912281
KT1,613273.467213
KT10,988206.22973
KT11,1099409.59794
KT12,562854.53876
KT13,952370.197452
KT14,565714.224138
KT15,462301.116279
KT16,466618.315385
KT17,515690.136612
KT18,707931.72043
KT19,468333.856502
KT2,772294.163743
KT20,1001066.33108
KT21,666343.72043
KT22,757106.417989
KT23,551511.864407
KT24,666894.230769
KT3,772710.734568
KT4,478158.784615
KT5,581576.877358
KT6,558517.77561
KT7,686684.25
KT8,619056.775
KT9,394203.533898
L1,128260.419689
L10,161479.804878
L11,109159.082569
L12,149698.754601
L13,139504.411765
L14,159241.866197
L15,135734.911111
L16,215115.240964
L17,198715.155172
L18,251308.994505
L19,174735.12963
L2,487893.765957
L20,119965.569832
L21,106078.383562
L22,169771.947368
L23,246430.5
L24,223756.016949
L25,221563.323944
L26,172839.147727
L27,81123.8095238
L28,70300.0
L29,323700.0
L3,365971.846561
L30,115076.183099
L31,184253.58156
L32,123210.223881
L33,106036.460674
L34,207553.084337
L35,149966.56051
L36,159295.081448
L37,311468.56962
L38,292684.615385
L39,254239.338889
L4,68158.9924528
L40,231208.636364
L45,550000.0
L5,188453.660377
L6,78863.5890411
L7,232457.180124
L8,128049.0
L9,107059.056497
LA1,175233.982571
LA10,291312.948718
LA11,258950.0
LA12,238225.9375
LA13,148142.808219
LA14,120195.78852
LA15,134980.136986
LA16,143465.0
LA17,188500.0
LA18,149220.338983
LA19,143833.333333
LA2,256888.862069
LA20,239714.285714
LA21,486719.333333
LA22,424461.702128
LA23,598627.126437
LA3,141450.780347
LA4,136668.443878
LA5,215393.532258
LA6,365610.775
LA7,265998.863636
LA8,450264.703704
LA9,213629.174905
LD1,175228.564706
LD2,179860.675676
LD3,216757.342105
LD4,247890.0
LD5,217845.454545
LD6,159995.0
LD7,221308.75
LD8,262860.0
LE1,330807.451327
LE10,229657.77458
LE11,208167.755435
LE12,254023.560825
LE13,187641.679558
LE14,320367.961165
LE15,300823.377119
LE16,350222.936567
LE17,307777.41954
LE18,185838.280851
LE19,271478.352459
LE2,205018.581102
LE3,176316.573359
LE4,192255.677419
LE5,196282.312354
LE6,219638.888889
LE65,251327.964602
LE67,185527.943026
LE7,268986.952756
LE8,243943.082474
LE9,207791.570499
LL11,171280.27907
LL12,200494.52514
LL13,191867.457831
LL14,143936.517241
LL15,199889.392157
LL16,179869.433735
LL17,267853.513514
LL18,163006.019685
LL19,168539.324138
LL20,208558.142857
LL21,248956.521739
LL22,180587.308219
LL23,188101.481481
LL24,213968.75
LL25,170000.0
LL26,270148.809524
LL27,205785.714286
LL28,192338.167939
LL29,144440.885057
LL30,180469.388889
LL31,178138.526316
LL32,226795.16129
LL33,142360.714286
LL34,146457.142857
LL35,271137.5
LL36,148585.227273
LL37,200388.888889
LL38,118150.0
LL39,134666.666667
LL40,167170.30303
LL41,105344.859649
LL42,179353.571429
LL43,177300.0
LL44,145561.875
LL45,168800.0
LL46,184886.956522
LL47,191055.555556
LL48,129342.352941
LL49,193396.111111
LL51,203125.0
LL52,259500.0
LL53,233451.792453
LL54,130636.377049
LL55,170334.162162
LL56,174277.777778
LL57,164838.492647
LL58,285688.441176
LL59,341325.510204
LL60,130097.5
LL61,188940.0
LL62,206125.0
LL63,204250.0
LL64,239441.176471
LL65,158179.796748
LL66,277500.0
LL67,172999.375
LL68,212647.965517
LL69,149990.0
LL70,125000.0
LL71,210525.0
LL72,151842.857143
LL74,196104.545455
LL75,168357.142857
LL76,133666.666667
LL77,231219.285714
LL78,146875.0
LN1,201330.875576
LN10,253930.0
LN11,186712.24537
LN12,143884.551724
LN13,167475.0
LN2,184878.388278
LN3,195854.238636
LN4,200513.422145
LN5,195061.885305
LN6,181286.217573
LN7,200426.422222
LN8,251432.743802
LN9,206150.949367
LS1,1418392.73239
LS10,154939.291667
LS11,174034.202429
LS12,145455.58363
LS13,134478.551724
LS14,222882.860697
LS15,225839.615721
LS16,339133.568548
LS17,300590.149351
LS18,285436.795812
LS19,235381.357143
LS2,363637.770115
LS20,275497.46875
LS21,341527.92638
LS22,359794.858065
LS23,389974.16
LS24,275025.823529
LS25,221380.292453
LS26,204077.316279
LS27,171993.5
LS28,185160.338658
LS29,341990.345196
LS3,114981.857143
LS4,138270.88
LS5,165431.0
LS6,204175.883162
LS7,193453.597561
LS8,236140.184502
LS9,157535.899038
LU1,278773.300836
LU2,255078.938303
LU3,250551.201635
LU4,241160.746606
LU5,936108.362963
LU6,300085.9
LU7,359748.108974
M1,672824.608333
M11,127807.991071
M12,129533.157895
M13,134296.153846
M14,168028.410256
M15,243939.84375
M16,271027.441176
M17,2682910.2
M18,94593.2835821
M19,161826.252294
M2,6182827.27273
M20,304841.900662
M21,290295.24581
M22,265720.160194
M23,196870.062893
M24,143465.645051
M25,213192.09417
M26,132348.556452
M27,167818.152727
M28,219568.996865
M29,157597.633136
M3,393284.931034
M30,155751.070248
M31,136690.384615
M32,205979.333333
M33,268829.157277
M34,157216.387302
M35,132150.463415
M38,82195.9016393
M4,281011.420732
M40,133783.923858
M41,260490.090566
M43,127095.506098
M44,143662.261538
M45,232061.910959
M46,129122.6
M5,164350.408072
M50,469127.26506
M6,137877.5
M60,5460000.0
M7,196260.755396
M8,144996.028777
M9,108441.472103
ME1,279550.068783
ME10,296614.230576
ME11,635010.416667
ME12,219112.026415
ME13,295812.20202
ME14,459330.112
ME15,308901.565217
ME16,319488.081761
ME17,382881.452514
ME18,381337.5
ME19,430766.777778
ME2,293436.862069
ME20,303690.625
ME3,287413.093168
ME4,236473.9631
ME5,243436.297814
ME6,240648.178947
ME7,221239.193396
ME8,275233.735376
ME9,319968.055556
MK1,1754900.0
MK10,315815.751724
MK11,304867.539326
MK12,238567.647059
MK13,277260.14
MK14,370930.542373
MK15,323623.54
MK16,302984.5
MK17,482171.177778
MK18,358639.494071
MK19,356589.928571
MK2,213948.601504
MK3,266360.504854
MK4,286019.210526
MK40,390951.160156
MK41,378341.728938
MK42,323307.243836
MK43,319963.911184
MK44,378988.641975
MK45,372527.901639
MK46,357428.596154
MK5,353199.83908
MK6,220760.598291
MK7,332059.444444
MK8,297958.921569
MK9,617541.241935
N1,893727.240409
N10,790612.333333
N11,479769.045455
N12,531785.357143
N13,526071.931034
N14,655939.141593
N15,470462.8
N16,638532.248945
N17,453543.071429
N18,384468.085106
N19,855174.090909
N1C,1098888.28125
N2,1463699.77451
N20,743756.065
N21,643881.065574
N22,561794.309211
N3,948626.963636
N4,611581.475771
N5,905337.84252
N6,1133124.77273
N7,536206.877193
N8,728679.322981
N9,392819.675978
NE1,276939.791667
NE10,114200.196532
NE11,514582.678571
NE12,183614.326087
NE13,261204.807692
NE15,144301.0
NE16,175672.67284
NE17,96977.6666667
NE18,273600.0
NE19,290389.285714
NE2,370347.793548
NE20,464785.955056
NE21,166924.153226
NE22,106882.41844
NE23,147902.658228
NE24,124878.808594
NE25,194863.884259
NE26,239890.385621
NE27,190287.861635
NE28,183158.859477
NE29,138012.979757
NE3,264743.583333
NE30,222394.048649
NE31,147522.213675
NE32,121424.949495
NE33,124156.52795
NE34,128126.529412
NE35,157951.785714
NE36,183243.285714
NE37,119349.826531
NE38,148406.853211
NE39,174493.518519
NE4,192580.303571
NE40,140989.156627
NE41,281312.5
NE42,172214.0
NE43,394211.416667
NE44,363714.285714
NE45,339557.633333
NE46,269947.920635
NE47,240970.0
NE48,315620.0
NE49,137882.352941
NE5,129923.213483
NE6,134543.937984
NE61,271439.635179
NE62,97361.25
NE63,92878.1899441
NE64,102503.26087
NE65,227089.382353
NE66,242495.318182
NE67,194833.388889
NE68,200292.857143
NE69,431000.0
NE7,193757.588785
NE70,181491.764706
NE71,158271.428571
NE8,183063.195349
NE9,156741.889952
NG1,1170655.09375
NG10,164273.057637
NG11,209204.861925
NG12,265751.23166
NG13,296030.551515
NG14,292228.130435
NG15,177724.27451
NG16,161655.160256
NG17,204320.718163
NG18,155693.836478
NG19,131695.162722
NG2,348437.657068
NG20,107802.699387
NG21,163682.451977
NG22,185235.163158
NG23,275680.8125
NG24,162175.97541
NG25,327252.416667
NG3,173438.461538
NG31,311172.245179
NG32,277013.843373
NG33,241379.923077
NG34,208853.708861
NG4,158265.230496
NG5,274083.986989
NG6,137529.223744
NG7,212903.043919
NG8,177166.753582
NG9,194912.750469
NN1,221127.111111
NN10,229908.936782
NN11,266825.409836
NN12,318770.159574
NN13,345741.69281
NN14,242999.69657
NN15,224829.261838
NN16,210926.394928
NN17,438237.508696
NN18,170317.137546
NN2,218072.28777
NN29,223492.445652
NN3,256789.107991
NN4,291819.835897
NN5,218919.231844
NN6,376621.988281
NN7,341301.752427
NN8,209062.558642
NN9,233881.898678
NP10,202219.692641
NP11,115602.604082
NP12,154073.924855
NP13,74618.7394958
NP15,346603.448276
NP16,276636.623188
NP18,240803.305785
NP19,127544.848485
NP2,162500.0
NP20,409388.666667
NP22,99791.1016949
NP23,96686.6827586
NP24,73298.40625
NP25,262480.769912
NP26,221166.297468
NP4,134229.226415
NP44,159917.435088
NP7,258720.671053
NP8,281300.16129
NP9,848780.0
NR1,271234.572954
NR10,270932.677419
NR11,292399.6
NR12,255662.292818
NR13,277221.546392
NR14,312605.261905
NR15,265547.388889
NR16,324666.328767
NR17,257464.637097
NR18,260996.994048
NR19,187736.666667
NR2,277222.851675
NR20,264621.448276
NR21,233662.632812
NR22,228333.333333
NR23,432062.894737
NR24,246965.555556
NR25,401109.638554
NR26,237083.810127
NR27,248943.426087
NR28,242934.461538
NR29,271121.289216
NR3,174817.070588
NR30,249288.852459
NR31,185350.917355
NR32,222515.199301
NR33,184791.778912
NR34,286663.771084
NR35,252626.6
NR4,310180.856061
NR5,232683.538889
NR6,308873.4375
NR7,227336.24
NR8,243248.789474
NR9,290695.054264
NW1,1373753.70536
NW10,660374.986559
NW11,1028133.96183
NW2,977377.696581
NW3,1589181.50746
NW4,656468.980132
NW5,839853.503817
NW6,871011.884804
NW7,645697.883436
NW8,1588244.90323
NW9,447767.876923
OL1,120553.067308
OL10,273712.222826
OL11,185256.675676
OL12,137231.763158
OL13,122556.873874
OL14,141928.931818
OL15,164137.826087
OL16,237112.851429
OL2,140273.273381
OL3,254566.657658
OL4,133759.055556
OL5,147063.588235
OL6,136877.327014
OL7,134533.214286
OL8,98202.8426396
OL9,162505.106061
OX1,611501.5
OX10,435767.570423
OX11,346018.584507
OX12,341450.786802
OX13,487608.1125
OX14,390899.844444
OX15,417080.0
OX16,316425.839623
OX17,428378.671875
OX18,357911.576389
OX2,719697.661111
OX20,602128.205128
OX25,530007.565789
OX26,354062.287197
OX27,382242.424242
OX28,325614.634703
OX29,469633.345455
OX3,468800.384058
OX33,476594.122807
OX39,438371.917808
OX4,396699.228448
OX44,2553226.45455
OX49,472421.25
OX5,379023.223776
OX7,455460.394737
OX9,443650.223214
PE1,181731.936937
PE10,227863.495575
PE11,204620.699346
PE12,189788.496575
PE13,184224.261745
PE14,213495.865854
PE15,191730.354717
PE16,197648.446602
PE19,288598.051075
PE2,225445.454321
PE20,204698.982906
PE21,179537.556962
PE22,182383.136364
PE23,215180.486111
PE24,144786.448598
PE25,174480.507143
PE26,208499.95
PE27,404953.605634
PE28,300652.121311
PE29,255567.360515
PE3,224778.151163
PE30,201557.993769
PE31,319377.977778
PE32,290085.229358
PE33,261239.672897
PE34,227738.736264
PE36,450479.170455
PE37,217685.769231
PE38,326925.717241
PE4,175983.278689
PE5,313142.857143
PE6,236223.205674
PE7,213033.107969
PE8,363775.205128
PE9,328140.79918
PL1,312156.534031
PL10,232971.594595
PL11,239171.83908
PL12,221088.335526
PL13,231489.45
PL14,237582.103139
PL15,226016.50303
PL16,225633.333333
PL17,220210.897436
PL18,232910.0
PL19,289902.362205
PL2,147814.881423
PL20,271380.817073
PL21,242327.785235
PL22,236127.0
PL23,372109.285714
PL24,195447.692308
PL25,194498.584112
PL26,225469.382857
PL27,465638.99115
PL28,351973.305556
PL29,316808.823529
PL3,192169.263415
PL30,323630.058824
PL31,188151.408451
PL32,212016.129032
PL33,197690.0
PL34,534045.454545
PL35,233936.363636
PL4,345963.237736
PL5,157754.746835
PL6,220365.28866
PL7,195516.081081
PL8,463356.553191
PL9,242361.63806
PO1,244255.766467
PO10,361176.259259
PO11,311687.180645
PO12,216392.801909
PO13,239379.473684
PO14,302983.552036
PO15,290588.381503
PO16,293540.462222
PO17,318881.818182
PO18,492052.130435
PO19,410793.264463
PO2,183323.382456
PO20,437195.473077
PO21,256273.463889
PO22,309741.086275
PO3,225921.09434
PO30,232361.353535
PO31,266274.615385
PO32,171869.902439
PO33,212203.669039
PO34,393073.076923
PO35,413951.136364
PO36,221829.473684
PO37,224667.44186
PO38,270680.401961
PO39,264478.846154
PO4,229010.922118
PO40,257509.615385
PO41,407354.166667
PO5,211135.30137
PO6,307212.281124
PO7,325361.483766
PO8,303137.454545
PO9,275295.973154
PR1,284364.380822
PR2,157783.323789
PR25,244426.315556
PR26,212515.294118
PR3,250680.53271
PR4,217723.477218
PR5,182055.359848
PR6,267435.741935
PR7,167062.912037
PR8,335134.553247
PR9,166904.964744
RG1,733932.692308
RG10,889440.712766
RG12,484132.619718
RG14,431968.624535
RG17,429837.057692
RG18,560115.818182
RG19,394144.830508
RG2,342804.113636
RG20,577430.325843
RG21,404384.306011
RG22,300153.73444
RG23,402307.815789
RG24,337025.707224
RG25,518064.102564
RG26,355026.365672
RG27,521507.90184
RG28,404468.333333
RG29,554552.941176
RG30,295536.511864
RG31,360406.607143
RG4,463408.80695
RG40,446804.420792
RG41,502052.852792
RG42,461998.232673
RG45,498047.044944
RG5,463428.566667
RG6,391466.125581
RG7,470561.011429
RG8,597373.762376
RG9,931921.972028
RH1,396004.054545
RH10,483647.260606
RH11,284442.643533
RH12,491512.201592
RH13,396861.206573
RH14,547558.255814
RH15,366355.7375
RH16,437227.52069
RH17,593019.738318
RH18,414166.666667
RH19,421979.633588
RH2,583060.268519
RH20,543729.243781
RH3,740291.666667
RH4,525151.945455
RH5,685469.358974
RH6,511541.151832
RH7,585189.02439
RH8,612743.39
RH9,409376.642857
RM1,360235.066079
RM10,280617.639175
RM11,500456.450777
RM12,365308.215962
RM13,331217.395722
RM14,505871.962121
RM15,268552.43787
RM16,306519.314642
RM17,253041.66129
RM18,223784.454545
RM19,212763.983051
RM2,393656.123596
RM20,464918.918919
RM3,371237.094862
RM4,781456.521739
RM5,346952.155172
RM6,335499.595506
RM7,324106.060185
RM8,309183.019417
RM9,344787.921687
S1,3344464.0
S10,348585.265517
S11,286922.614634
S12,135320.946078
S13,127686.487342
S14,75361.1111111
S17,381138.75
S18,270212.401361
S2,388540.569307
S20,172085.585492
S21,170843.181818
S25,152964.787234
S26,167913.006024
S3,425202.297521
S32,401846.439024
S33,316900.0
S35,171099.359649
S36,186203.632231
S4,98286.4285714
S40,246022.380952
S41,247544.730627
S42,232471.760563
S43,148188.652459
S44,155839.893939
S45,174379.890244
S5,102950.354978
S6,174461.706037
S60,166800.35865
S61,112619.078125
S62,152834.314815
S63,186871.047431
S64,121506.9801
S65,116480.223684
S66,152850.956989
S7,296461.849624
S70,113045.891447
S71,114223.715789
S72,119829.716312
S73,115004.803468
S74,126430.722892
S75,167963.102389
S8,182661.82807
S80,133599.783069
S81,163131.736059
S9,159476.156028
SA1,155312.037383
SA10,150717.175141
SA11,108876.970443
SA12,191320.563725
SA13,107643.073394
SA14,131147.848485
SA15,119581.965251
SA16,136718.546875
SA17,130149.257576
SA18,135834.453659
SA19,237706.351351
SA2,201142.404255
SA20,198153.275862
SA3,286844.418605
SA31,182828.491935
SA32,265927.142857
SA33,196209.793814
SA34,232814.634146
SA35,237250.0
SA36,149500.0
SA37,186642.857143
SA38,234983.783784
SA39,234392.5
SA4,149721.05802
SA40,183318.181818
SA41,194999.9
SA42,330975.0
SA43,204538.75
SA44,209450.769231
SA45,190469.444444
SA46,255190.47619
SA47,190064.285714
SA48,176798.888889
SA5,116469.42953
SA6,143968.973799
SA61,134758.870968
SA62,222119.230769
SA63,302900.0
SA64,193538.461538
SA65,148969.69697
SA66,244333.333333
SA67,276609.26087
SA68,194027.790698
SA69,265666.666667
SA7,154901.576923
SA70,238351.030612
SA71,308237.596774
SA72,116044.642857
SA73,139405.338462
SA8,160205.764706
SA9,244401.545455
SE1,1241093.81055
SE10,543404.037344
SE11,679924.612903
SE12,424119.472973
SE13,496452.533333
SE14,535715.456311
SE15,522741.902878
SE16,747239.299065
SE17,676922.752809
SE18,397264.90113
SE19,459043.481865
SE2,326759.051724
SE20,379815.943662
SE21,864766.666667
SE22,681142.513089
SE23,484250.585106
SE24,730415.149254
SE25,324674.796748
SE26,478768.978102
SE27,558944.205128
SE28,266482.125874
SE3,580856.943662
SE4,508832.69863
SE5,533764.883598
SE6,394633.27758
SE7,551631.913043
SE8,829081.576642
SE9,452456.707547
SG1,287573.286334
SG10,731539.571429
SG11,543777.692308
SG12,417197.097938
SG13,527353.885714
SG14,437220.079365
SG15,290228.448276
SG16,374636.136364
SG17,314839.715909
SG18,302443.969388
SG19,307386.664474
SG2,306704.429603
SG3,479176.044444
SG4,406328.373494
SG5,395925.364754
SG6,405407.836066
SG7,415020.477273
SG8,395987.061818
SG9,403942.341772
SK1,122946.138158
SK10,376611.716263
SK11,232006.36
SK12,326558.955882
SK13,179658.843511
SK14,149835.951923
SK15,161007.777778
SK16,135020.891089
SK17,211077.657658
SK2,193454.876238
SK22,247874.712121
SK23,209425.568182
SK3,163666.784553
SK4,269322.512
SK5,138220.157303
SK6,244318.914956
SK7,316865.841226
SK8,356946.480296
SK9,457745.531977
SL0,549821.428571
SL1,435235.821429
SL2,461819.573529
SL3,444391.044898
SL4,715217.276423
SL5,871628.937853
SL6,559150.403433
SL7,719543.885135
SL8,632227.837209
SL9,923205.622642
SM1,398862.750831
SM2,451927.183333
SM3,429967.245614
SM4,418944.09816
SM5,402891.517949
SM6,405151.445415
SM7,535184.896296
SN1,224310.547541
SN10,295387.151394
SN11,263175.334928
SN12,287386.694915
SN13,326115.444444
SN14,332514.474359
SN15,290738.726496
SN16,440967.047244
SN2,189633.006536
SN25,229610.31941
SN26,431910.666667
SN3,237408.16035
SN4,383675.109375
SN5,257728.112727
SN6,347494.232877
SN7,332537.654321
SN8,596790.12
SN9,403090.871795
SO14,363411.773585
SO15,255501.177632
SO16,448740.835777
SO17,241233.673469
SO18,247679.938776
SO19,220805.693151
SO20,568763.095238
SO21,601758.854167
SO22,607573.974359
SO23,645959.903846
SO24,583899.448276
SO30,313768.906667
SO31,427486.825243
SO32,555134.787879
SO40,336455.971311
SO41,472517.035842
SO42,848207.758621
SO43,552140.625
SO45,292800.487805
SO50,287839.098462
SO51,402943.505435
SO52,304245.435897
SO53,376093.284848
SP1,326911.031579
SP10,262919.252669
SP11,355794.142077
SP2,255420.646586
SP3,380017.532468
SP4,275227.247253
SP5,443425.95
SP6,391219.879518
SP7,290499.94898
SP8,269041.666667
SP9,265946.617647
SR1,203786.111111
SR2,181439.035897
SR3,163259.021164
SR4,101712.051643
SR5,146857.724409
SR6,185155.38674
SR7,262549.616915
SR8,88423.3295019
SS0,268119.853403
SS1,299299.225806
SS11,338212.208333
SS12,318218.125
SS13,242514.741935
SS14,317248.214286
SS15,281487.334764
SS16,252434.301075
SS17,323608.847584
SS2,276279.252941
SS3,271646.471795
SS4,301666.343284
SS5,379774.100775
SS6,366034.140969
SS7,347930.116352
SS8,258252.496063
SS9,351650.191489
ST1,318111.281124
ST10,194186.320755
ST11,212203.921569
ST12,257451.5625
ST13,191361.660633
ST14,203971.953642
ST15,235131.407186
ST16,186718.730435
ST17,201583.570312
ST18,295413.666667
ST19,226340.295918
ST2,121550.559524
ST20,285895.384615
ST21,281265.45
ST3,124379.099291
ST4,137664.97556
ST5,146691.232558
ST6,105517.393258
ST7,239351.568765
ST8,177093.181818
ST9,224351.648649
SW10,1589544.57447
SW11,1062848.1097
SW12,770332.675926
SW13,1324082.04494
SW14,1278802.23148
SW15,830208.713528
SW16,479645.671264
SW17,612247.754717
SW18,732761.73445
SW19,1026495.05896
SW1A,3678125.0
SW1E,2179005.5
SW1H,8281814.28571
SW1P,1485512.93289
SW1V,1082275.68317
SW1W,2608214.53333
SW1X,5936197.11268
SW1Y,9104161.125
SW2,619332.368421
SW20,911782.646067
SW3,2422772.59669
SW4,837065.904762
SW5,1646749.8125
SW6,1082657.74064
SW7,3965490.73387
SW8,822569.0
SW9,539533.637838
SY1,245815.205479
SY10,269533.694737
SY11,206436.039326
SY12,214194.285714
SY13,248161.462687
SY14,391974.193548
SY15,212066.633333
SY16,181602.453704
SY17,186189.363636
SY18,147788.235294
SY19,187916.666667
SY2,222504.985294
SY20,198426.137255
SY21,206631.791667
SY22,207624.626866
SY23,204629.869048
SY24,201369.565217
SY25,170905.045455
SY3,254201.428571
SY4,281408.030864
SY5,265739.80315
SY6,259494.897959
SY7,298681.924051
SY8,286330.811024
SY9,206052.777778
TA1,266381.684713
TA10,342200.793651
TA11,317151.470588
TA12,239558.3
TA13,313891.891892
TA14,239416.666667
TA15,576000.0
TA16,364495.454545
TA17,269583.333333
TA18,206165.243902
TA19,284334.234234
TA2,235242.069767
TA20,256296.653595
TA21,221693.821656
TA22,320842.105263
TA23,460054.878049
TA24,667587.773913
TA3,361766.428571
TA4,308531.489362
TA5,278132.070707
TA6,203891.42716
TA7,315834.9375
TA8,228115.882353
TA9,273889.84375
TD12,210694.444444
TD15,185295.66129
TF1,179707.185185
TF10,259587.503759
TF11,270394.0
TF12,215077.432432
TF13,325592.307692
TF2,162446.167857
TF3,164544.346405
TF4,156360.674419
TF5,200403.166667
TF6,241340.30303
TF7,216888.057692
TF8,266513.636364
TF9,235176.838235
TN1,428231.909091
TN10,403013.947368
TN11,617654.637255
TN12,416342.026455
TN13,692834.885714
TN14,534453.172727
TN15,546604.819355
TN16,509691.356061
TN17,549601.153846
TN18,374393.4375
TN19,364645.875
TN2,421270.828571
TN20,524211.904762
TN21,409467.982456
TN22,382513.918129
TN23,239115.283077
TN24,259568.756364
TN25,370342.261146
TN26,445933.909091
TN27,436613.881579
TN28,278825.759494
TN29,346311.851485
TN3,585181.442857
TN30,401375.0
TN31,330137.517483
TN32,553407.692308
TN33,409972.190476
TN34,230745.030612
TN35,278438.688406
TN36,333473.684211
TN37,208063.64878
TN38,228990.485232
TN39,291095.638225
TN4,467470.676724
TN40,203314.210526
TN5,466969.230769
TN6,398631.531792
TN7,467800.0
TN8,480315.25
TN9,358490.228571
TQ1,217822.731118
TQ10,370877.083333
TQ11,232040.0
TQ12,260379.095723
TQ13,442482.516304
TQ14,288744.593583
TQ2,297396.243728
TQ3,232217.915751
TQ4,245286.386139
TQ5,223489.886139
TQ6,637049.257426
TQ7,364346.587838
TQ8,717324.648649
TQ9,378664.705882
TR1,285316.255319
TR10,245033.226415
TR11,340561.360465
TR12,327444.827586
TR13,236388.988095
TR14,172052.976959
TR15,176631.850649
TR16,204369.587629
TR17,370653.846154
TR18,229507.257862
TR19,269355.421053
TR2,377209.405941
TR20,299963.083333
TR21,308078.615385
TR23,1100000.0
TR26,369166.243902
TR27,456946.125
TR3,377336.372549
TR4,310482.027778
TR5,411658.415094
TR6,192630.289474
TR7,245271.516129
TR8,289267.543478
TR9,455462.818182
TS1,105338.229008
TS10,138243.058036
TS11,151853.571429
TS12,148854.758621
TS13,112340.816667
TS14,154008.039062
TS15,273451.00885
TS16,199267.391753
TS17,170555.951456
TS18,157977.770186
TS19,115280.098131
TS2,102666.666667
TS20,128525.788321
TS21,188205.352941
TS22,273252.609375
TS23,113812.680233
TS24,110798.679612
TS25,125264.582915
TS26,136461.181347
TS27,138546.05618
TS28,86294.6428571
TS29,80708.8372093
TS3,66941.3361345
TS4,122033.571429
TS5,142311.331915
TS6,100637.040816
TS7,189315.940789
TS8,157119.151786
TS9,275962.246914
TW1,684664.848649
TW10,1016061.76871
TW11,739354.312883
TW12,637977.68595
TW13,340681.0625
TW14,337873.039216
TW15,443176.934132
TW16,444618.868966
TW17,502976.785714
TW18,420014.457516
TW19,407641.237113
TW2,551065.32967
TW20,475014.099237
TW3,420653.326316
TW4,324380.0
TW5,722688.738739
TW6,20000000.0
TW7,561330.22549
TW8,549224.175676
TW9,809843.70073
UB1,407286.746479
UB10,536950.936073
UB11,60000.0
UB2,419608.147727
UB3,552663.058824
UB4,359796.842466
UB5,355840.3125
UB6,544764.821839
UB7,347413.348066
UB8,425159.602649
UB9,548463.602837
W10,988327.52
W11,1869072.62602
W12,867769.95092
W13,720391.335484
W14,1560009.94413
W1B,4287722.0
W1D,4050186.66667
W1F,7352521.41379
W1G,2111360.0
W1H,1518999.16667
W1J,6146973.7619
W1K,2586933.3
W1S,4204190.16667
W1T,7903483.46154
W1U,2174655.17241
W1V,19391600.0
W1W,2932335.9375
W2,1908499.07807
W3,653984.166667
W4,1308833.55251
W5,4325993.95595
W6,928342.236842
W7,512471.964286
W8,2954597.66942
W9,1003030.85635
WA1,205292.726027
WA10,210108.60274
WA11,171826.864078
WA12,143448.120879
WA13,307551.135417
WA14,427454.763838
WA15,437652.901361
WA16,487083.854545
WA2,136143.122807
WA3,206934.348993
WA4,246475.108434
WA5,182987.321782
WA6,284386.489362
WA7,152178.210366
WA8,178563.01061
WA9,106555.930836
WC1A,681666.666667
WC1B,1265166.66667
WC1E,1047000.0
WC1H,743002.939394
WC1N,1327496.53846
WC1R,2464571.42857
WC1V,15000000.0
WC1X,1540053.33333
WC2A,1160993.25
WC2B,1926874.875
WC2E,1598053.33333
WC2H,1818408.84615
WC2N,6476666.66667
WC2R,2501101.92063
WD17,841692.098592
WD18,408022.203008
WD19,432603.362416
WD23,554044.943038
WD24,375864.5
WD25,400660.877551
WD3,647133.207965
WD4,828383.012987
WD5,447596.615385
WD6,510203.289062
WD7,994302.777778
WF1,213377.665385
WF10,199795.347432
WF11,126128.32
WF12,172289.77027
WF13,212944.123967
WF14,168832.741176
WF15,154885.92437
WF16,130930.3
WF17,137529.819672
WF2,183302.942177
WF3,166977.490494
WF4,187490.863777
WF5,153120.149254
WF6,182987.715232
WF7,159438.096591
WF8,165856.379791
WF9,122658.931298
WN1,171525.153226
WN2,138158.642612
WN3,135107.161111
WN4,147645.794118
WN5,139579.032787
WN6,163870.685619
WN7,157001.156805
WN8,168394.928571
WR1,203267.723404
WR10,324249.465649
WR11,245848.888199
WR12,661107.017544
WR13,403726.557377
WR14,291161.284553
WR15,289158.632653
WR2,273577.029703
WR3,250920.220779
WR4,189769.652174
WR5,249645.295567
WR6,390696.102941
WR7,391377.560976
WR8,301348.58209
WR9,363754.848739
WS1,169037.368421
WS10,120369.532663
WS11,163638.599338
WS12,165773.926199
WS13,442640.428571
WS14,343174.191304
WS15,213586.132479
WS2,116762.5
WS3,187322.679842
WS4,169599.967742
WS5,226939.96063
WS6,182862.886598
WS7,195061.615385
WS8,159339.446602
WS9,287512.071006
WV1,185904.117647
WV10,178494.203636
WV11,135941.107784
WV12,168532.25
WV13,140963.44
WV14,127988.034314
WV15,219452.830189
WV16,219605.2
WV2,132070.654762
WV3,193223.671053
WV4,197776.672956
WV5,287266.308642
WV6,238997.190661
WV7,243616.666667
WV8,236641.964286
WV9,269511.842105
YO1,437503.363636
YO10,552126.0
YO11,148351.316514
YO12,156915.664634
YO13,266244.73494
YO14,145242.835443
YO15,163504.076923
YO16,139219.520492
YO17,373274.957143
YO18,237419.075
YO19,330165.146667
YO21,208562.398649
YO22,209247.688073
YO23,325507.46875
YO24,254583.251366
YO25,182619.360902
YO26,308471.846591
YO30,270010.932039
YO31,234362.72043
YO32,307007.348101
YO41,267027.245098
YO42,350183.577982
YO43,212728.505155
YO51,233103.461538
YO60,339850.0
YO61,395012.029703
YO62,296842.301075
YO7,264665.790541
YO8,185555.928375
